
        [
        
    {
    "title": "Joints",
    "description": "These CAD assemblies can be opened in Autodesk® Inventor® 2009 and higher.",
    "thumbnail_url": "../../includes/product/images/doc_center/DefaultImage.png",
    "url": "examples/joints.html",
    "type": "Example",
    "open_command": "",
    "examplecat_id": "d2e22", 
    "examplecat_title": "Inventor CAD Assemblies",
    "examplecat_order": "1",
    "example_id": "smlink_product.invjoints",
    "example_name": "invjoints",
    "example_order": "1"                 
    }
    ,
    {
    "title": "Robot Arm",
    "description": "This CAD assembly can be opened in Autodesk® Inventor® 2009 and higher.",
    "thumbnail_url": "../../examples/smlink_product/win64/robot_inv.jpg",
    "url": "examples/robot-arm.html",
    "type": "Example",
    "open_command": "",
    "examplecat_id": "d2e22", 
    "examplecat_title": "Inventor CAD Assemblies",
    "examplecat_order": "1",
    "example_id": "smlink_product.invrobot",
    "example_name": "invrobot",
    "example_order": "2"                 
    }
    ,
    {
    "title": "Joints",
    "description": "These CAD assemblies can be opened in Pro/ENGINEER® Wildfire 2.0 and higher.",
    "thumbnail_url": "../../includes/product/images/doc_center/DefaultImage.png",
    "url": "examples/joints-1.html",
    "type": "Example",
    "open_command": "",
    "examplecat_id": "d2e52", 
    "examplecat_title": "Pro/ENGINEER CAD Assemblies",
    "examplecat_order": "2",
    "example_id": "smlink_product.proejoints",
    "example_name": "proejoints",
    "example_order": "1"                 
    }
    ,
    {
    "title": "Robot Arm",
    "description": "This CAD assembly can be opened in Pro/ENGINEER® Wildfire 2.0 and higher.",
    "thumbnail_url": "../../examples/smlink_product/win64/robot_proe.jpg",
    "url": "examples/robot-arm-1.html",
    "type": "Example",
    "open_command": "",
    "examplecat_id": "d2e52", 
    "examplecat_title": "Pro/ENGINEER CAD Assemblies",
    "examplecat_order": "2",
    "example_id": "smlink_product.proerobot",
    "example_name": "proerobot",
    "example_order": "2"                 
    }
    ,
    {
    "title": "Stewart Platform",
    "description": "This CAD assembly can be opened in Pro/ENGINEER® Wildfire 2.0 and higher.",
    "thumbnail_url": "../../examples/smlink_product/win64/stewart_platform_proe.jpg",
    "url": "examples/stewart-platform.html",
    "type": "Example",
    "open_command": "",
    "examplecat_id": "d2e52", 
    "examplecat_title": "Pro/ENGINEER CAD Assemblies",
    "examplecat_order": "2",
    "example_id": "smlink_product.proestewart",
    "example_name": "proestewart",
    "example_order": "3"                 
    }
    ,
    {
    "title": "Joints",
    "description": "These CAD assemblies can be opened in SolidWorks® 2004 or higher.",
    "thumbnail_url": "../../includes/product/images/doc_center/DefaultImage.png",
    "url": "examples/joints-2.html",
    "type": "Example",
    "open_command": "",
    "examplecat_id": "d2e94", 
    "examplecat_title": "SolidWorks CAD Assemblies",
    "examplecat_order": "3",
    "example_id": "smlink_product.swjoints",
    "example_name": "swjoints",
    "example_order": "1"                 
    }
    ,
    {
    "title": "Robot Arm",
    "description": "This CAD assembly can be opened in SolidWorks® 2004 and higher.",
    "thumbnail_url": "../../examples/smlink_product/win64/robot_sw.jpg",
    "url": "examples/robot-arm-2.html",
    "type": "Example",
    "open_command": "",
    "examplecat_id": "d2e94", 
    "examplecat_title": "SolidWorks CAD Assemblies",
    "examplecat_order": "3",
    "example_id": "smlink_product.swrobot",
    "example_name": "swrobot",
    "example_order": "2"                 
    }
    ,
    {
    "title": "Stewart Platform",
    "description": "This CAD assembly can be opened in SolidWorks® 2007 and higher.",
    "thumbnail_url": "../../examples/smlink_product/win64/stewart_platform_sw.jpg",
    "url": "examples/stewart-platform-1.html",
    "type": "Example",
    "open_command": "",
    "examplecat_id": "d2e94", 
    "examplecat_title": "SolidWorks CAD Assemblies",
    "examplecat_order": "3",
    "example_id": "smlink_product.swstewart",
    "example_name": "swstewart",
    "example_order": "3"                 
    }
    ,
    {
    "title": "User-Added Coordinate Systems",
    "description": "This CAD assembly can be opened in SolidWorks® 2007 and later versions.",
    "thumbnail_url": "../../examples/smlink_product/win64/gears_sw.jpg",
    "url": "examples/user-added-coordinate-systems.html",
    "type": "Example",
    "open_command": "",
    "examplecat_id": "d2e94", 
    "examplecat_title": "SolidWorks CAD Assemblies",
    "examplecat_order": "3",
    "example_id": "smlink_product.swgears",
    "example_name": "swgears",
    "example_order": "4"                 
    }
    
        ]
      